iter	MultiClass
0	1.159953342
1	1.073570616
